{"logits": {"_type": "histogram", "values": [1, 0, 0, 0, 0, 2, 1, 1, 2, 1, 1, 1, 1, 2, 1, 1, 1, 3, 4, 1, 1, 1, 7, 4, 6, 4, 1, 6, 4, 3, 2, 4, 5, 5, 2, 4, 4, 5, 4, 1, 5, 1, 9, 4, 5, 6, 1, 5, 3, 1, 1, 0, 0, 1, 0, 1, 0, 2, 2, 0, 0, 0, 0, 16], "bins": [-19.09136962890625, -18.793067932128906, -18.494766235351562, -18.19646453857422, -17.898160934448242, -17.5998592376709, -17.301557540893555, -17.00325584411621, -16.704954147338867, -16.406652450561523, -16.10835075378418, -15.81004810333252, -15.511746406555176, -15.213444709777832, -14.915142059326172, -14.616840362548828, -14.318538665771484, -14.02023696899414, -13.72193431854248, -13.423632621765137, -13.125330924987793, -12.82702922821045, -12.528726577758789, -12.230424880981445, -11.932123184204102, -11.633821487426758, -11.335518836975098, -11.037217140197754, -10.73891544342041, -10.440613746643066, -10.142311096191406, -9.844009399414062, -9.545707702636719, -9.247405052185059, -8.949103355407715, -8.650801658630371, -8.352499961853027, -8.054197311401367, -7.755895614624023, -7.45759391784668, -7.159291744232178, -6.860990047454834, -6.562687873840332, -6.264386177062988, -5.966084003448486, -5.667782306671143, -5.369480133056641, -5.071178436279297, -4.772876262664795, -4.474574565887451, -4.176272392272949, -3.8779704570770264, -3.5796685218811035, -3.2813665866851807, -2.983064651489258, -2.684762716293335, -2.386460781097412, -2.0881588459014893, -1.7898569107055664, -1.4915549755096436, -1.1932530403137207, -0.8949511051177979, -0.596649169921875, -0.29834723472595215, -4.5298504119273275e-05]}, "_timestamp": 1704709590.9701383, "_runtime": 74.60154032707214, "_step": 3987, "train_loss": 0.07804416120052338, "train_acc": 0.984375, "epoch": 4, "trainer/global_step": 3899, "_wandb": {"runtime": 74}}