{"logits": {"_type": "histogram", "values": [1, 0, 0, 1, 1, 0, 1, 1, 1, 0, 1, 2, 3, 4, 1, 1, 1, 4, 5, 7, 6, 4, 11, 8, 11, 11, 4, 14, 13, 10, 8, 11, 15, 15, 15, 11, 10, 15, 14, 12, 8, 13, 11, 10, 8, 12, 7, 6, 6, 6, 6, 4, 2, 2, 3, 1, 0, 1, 0, 0, 0, 0, 0, 1], "bins": [-3.4965548515319824, -3.463131904602051, -3.42970871925354, -3.3962857723236084, -3.3628625869750977, -3.329439640045166, -3.2960164546966553, -3.2625935077667236, -3.229170322418213, -3.1957473754882812, -3.1623244285583496, -3.128901243209839, -3.0954782962799072, -3.0620551109313965, -3.028632164001465, -2.995208978652954, -2.9617860317230225, -2.9283628463745117, -2.89493989944458, -2.8615169525146484, -2.8280937671661377, -2.794670820236206, -2.7612476348876953, -2.7278246879577637, -2.694401502609253, -2.6609785556793213, -2.6275553703308105, -2.594132423400879, -2.5607094764709473, -2.5272862911224365, -2.493863344192505, -2.460440158843994, -2.4270172119140625, -2.3935940265655518, -2.36017107963562, -2.3267478942871094, -2.2933249473571777, -2.259902000427246, -2.2264788150787354, -2.1930558681488037, -2.159632682800293, -2.1262097358703613, -2.0927865505218506, -2.059363603591919, -2.025940418243408, -1.9925174713134766, -1.9590944051742554, -1.9256713390350342, -1.892248272895813, -1.8588252067565918, -1.8254021406173706, -1.791979193687439, -1.7585561275482178, -1.7251330614089966, -1.6917099952697754, -1.6582869291305542, -1.624863862991333, -1.5914407968521118, -1.5580177307128906, -1.5245946645736694, -1.4911717176437378, -1.4577486515045166, -1.4243255853652954, -1.3909025192260742, -1.357479453086853]}, "_timestamp": 1704710399.4187727, "_runtime": 8.156033754348755, "_step": 1, "_wandb": {"runtime": 7}}