{"logits": {"_type": "histogram", "values": [1, 0, 1, 0, 0, 4, 1, 2, 1, 1, 0, 2, 2, 1, 3, 5, 9, 6, 7, 9, 10, 11, 10, 5, 7, 7, 12, 7, 11, 16, 11, 11, 12, 11, 9, 15, 13, 13, 20, 5, 9, 14, 6, 7, 8, 7, 5, 10, 1, 2, 4, 4, 5, 2, 0, 1, 1, 0, 0, 1, 1, 0, 0, 1], "bins": [-3.4683449268341064, -3.4342992305755615, -3.4002532958984375, -3.3662075996398926, -3.3321616649627686, -3.2981159687042236, -3.2640700340270996, -3.2300243377685547, -3.1959784030914307, -3.1619327068328857, -3.1278867721557617, -3.093841075897217, -3.0597951412200928, -3.025749444961548, -2.991703510284424, -2.957657814025879, -2.923611879348755, -2.88956618309021, -2.855520248413086, -2.821474552154541, -2.787428617477417, -2.753382921218872, -2.719336986541748, -2.685291290283203, -2.651245355606079, -2.617199659347534, -2.58315372467041, -2.5491080284118652, -2.515062093734741, -2.4810163974761963, -2.4469704627990723, -2.4129247665405273, -2.3788788318634033, -2.3448331356048584, -2.3107872009277344, -2.2767415046691895, -2.2426955699920654, -2.2086498737335205, -2.1746039390563965, -2.1405582427978516, -2.1065123081207275, -2.0724666118621826, -2.0384206771850586, -2.0043749809265137, -1.9703291654586792, -1.9362833499908447, -1.9022375345230103, -1.8681917190551758, -1.8341459035873413, -1.8001000881195068, -1.7660542726516724, -1.732008457183838, -1.6979626417160034, -1.663916826248169, -1.6298710107803345, -1.5958251953125, -1.5617793798446655, -1.527733564376831, -1.4936877489089966, -1.459641933441162, -1.4255961179733276, -1.3915503025054932, -1.3575044870376587, -1.3234586715698242, -1.2894128561019897]}, "_timestamp": 1704709978.9326632, "_runtime": 8.126351118087769, "_step": 1, "_wandb": {"runtime": 7}}