{"Training loss": 0.16824835204683683, "_timestamp": 1704551972.330047, "_runtime": 22.687777996063232, "_step": 4, "_wandb": {"runtime": 21}}