{"logits": {"_type": "histogram", "values": [1, 0, 0, 0, 0, 0, 0, 0, 0, 0, 0, 0, 0, 1, 1, 1, 0, 1, 1, 0, 1, 1, 2, 1, 4, 3, 3, 3, 5, 3, 6, 2, 3, 9, 4, 5, 4, 3, 4, 10, 4, 6, 10, 4, 4, 4, 1, 3, 0, 3, 3, 4, 4, 2, 1, 2, 2, 1, 0, 1, 2, 1, 3, 13], "bins": [-23.586027145385742, -23.21749496459961, -22.84896469116211, -22.480432510375977, -22.111900329589844, -21.743370056152344, -21.37483787536621, -21.006305694580078, -20.637775421142578, -20.269243240356445, -19.900711059570312, -19.532180786132812, -19.16364860534668, -18.795116424560547, -18.426586151123047, -18.058053970336914, -17.68952178955078, -17.32099151611328, -16.95245933532715, -16.583927154541016, -16.215396881103516, -15.846864700317383, -15.478333473205566, -15.109801292419434, -14.741270065307617, -14.3727388381958, -14.004207611083984, -13.635675430297852, -13.267144203186035, -12.898612976074219, -12.530080795288086, -12.16154956817627, -11.793018341064453, -11.42448616027832, -11.055954933166504, -10.687423706054688, -10.318891525268555, -9.950360298156738, -9.581829071044922, -9.213296890258789, -8.844765663146973, -8.476234436035156, -8.107702255249023, -7.739171028137207, -7.370639324188232, -7.002108097076416, -6.633576393127441, -6.265044689178467, -5.89651346206665, -5.527981758117676, -5.159450054168701, -4.790918827056885, -4.42238712310791, -4.0538554191589355, -3.685324192047119, -3.3167924880981445, -2.948261022567749, -2.5797295570373535, -2.211197853088379, -1.8426663875579834, -1.4741348028182983, -1.1056033372879028, -0.7370717525482178, -0.3685402274131775, -8.702239938429557e-06]}, "_timestamp": 1704557714.9679804, "_runtime": 75.51925945281982, "_step": 3987, "train_loss": 0.26184654235839844, "train_acc": 0.921875, "epoch": 4, "trainer/global_step": 3899, "_wandb": {"runtime": 74}}