{"logits": {"_type": "histogram", "values": [1, 0, 0, 2, 0, 1, 0, 3, 1, 1, 2, 2, 0, 2, 3, 2, 5, 3, 4, 3, 11, 5, 3, 17, 7, 12, 11, 12, 10, 16, 5, 11, 8, 13, 10, 16, 14, 17, 10, 20, 21, 10, 10, 10, 9, 8, 4, 5, 2, 5, 0, 1, 2, 4, 2, 1, 0, 0, 0, 1, 1, 0, 0, 1], "bins": [-3.758711338043213, -3.7174689769744873, -3.6762266159057617, -3.6349844932556152, -3.5937421321868896, -3.552499771118164, -3.5112574100494385, -3.470015048980713, -3.4287729263305664, -3.387530565261841, -3.3462882041931152, -3.3050458431243896, -3.263803482055664, -3.2225613594055176, -3.181318998336792, -3.1400766372680664, -3.098834276199341, -3.0575919151306152, -3.0163497924804688, -2.975107431411743, -2.9338650703430176, -2.892622709274292, -2.8513803482055664, -2.810137987136841, -2.7688958644866943, -2.7276535034179688, -2.686411142349243, -2.6451687812805176, -2.603926420211792, -2.5626842975616455, -2.52144193649292, -2.4801995754241943, -2.4389572143554688, -2.397714853286743, -2.3564727306365967, -2.315230369567871, -2.2739880084991455, -2.23274564743042, -2.1915032863616943, -2.150261163711548, -2.1090188026428223, -2.0677764415740967, -2.026534080505371, -1.985291838645935, -1.9440494775772095, -1.9028072357177734, -1.8615648746490479, -1.8203225135803223, -1.7790802717208862, -1.7378379106521606, -1.6965956687927246, -1.655353307723999, -1.6141109466552734, -1.5728687047958374, -1.5316263437271118, -1.4903839826583862, -1.4491417407989502, -1.4078993797302246, -1.3666571378707886, -1.325414776802063, -1.2841724157333374, -1.2429301738739014, -1.2016878128051758, -1.1604455709457397, -1.1192032098770142]}, "_timestamp": 1704710030.0904305, "_runtime": 8.368561506271362, "_step": 1, "_wandb": {"runtime": 7}}