{"Training loss": 0.16518656628878067, "_timestamp": 1704552230.1735673, "_runtime": 23.34552836418152, "_step": 4, "_wandb": {"runtime": 22}}