{"logits": {"_type": "histogram", "values": [2, 0, 0, 0, 0, 1, 0, 1, 0, 1, 1, 1, 0, 1, 2, 5, 3, 6, 4, 11, 9, 7, 11, 16, 12, 10, 15, 14, 15, 17, 16, 16, 18, 17, 7, 21, 11, 7, 11, 10, 10, 6, 5, 4, 10, 5, 5, 4, 1, 4, 2, 1, 0, 0, 2, 1, 0, 0, 0, 0, 0, 0, 0, 1], "bins": [-3.843622922897339, -3.7971179485321045, -3.75061297416687, -3.7041079998016357, -3.6576032638549805, -3.611098289489746, -3.5645933151245117, -3.5180883407592773, -3.471583366394043, -3.4250783920288086, -3.378573417663574, -3.33206844329834, -3.2855634689331055, -3.23905873298645, -3.192553758621216, -3.1460487842559814, -3.099543809890747, -3.0530388355255127, -3.0065338611602783, -2.960028886795044, -2.9135241508483887, -2.8670191764831543, -2.82051420211792, -2.7740092277526855, -2.727504253387451, -2.680999279022217, -2.6344943046569824, -2.587989330291748, -2.5414843559265137, -2.4949796199798584, -2.448474645614624, -2.4019696712493896, -2.3554646968841553, -2.308959722518921, -2.2624547481536865, -2.215949773788452, -2.169445037841797, -2.1229400634765625, -2.076435089111328, -2.0299301147460938, -1.9834251403808594, -1.936920166015625, -1.8904151916503906, -1.8439103364944458, -1.7974053621292114, -1.750900387763977, -1.7043955326080322, -1.6578905582427979, -1.6113855838775635, -1.564880609512329, -1.5183756351470947, -1.47187077999115, -1.4253658056259155, -1.3788608312606812, -1.3323559761047363, -1.285851001739502, -1.2393460273742676, -1.1928410530090332, -1.1463360786437988, -1.099831223487854, -1.0533262491226196, -1.0068212747573853, -0.9603163599967957, -0.913811445236206, -0.8673064708709717]}, "_timestamp": 1704710471.5141912, "_runtime": 8.030416250228882, "_step": 1, "_wandb": {"runtime": 7}}