{"logits": {"_type": "histogram", "values": [1, 0, 0, 0, 0, 1, 0, 0, 3, 0, 1, 2, 2, 1, 2, 2, 2, 0, 5, 1, 5, 4, 2, 4, 2, 3, 3, 3, 0, 3, 8, 3, 4, 7, 4, 6, 3, 3, 5, 3, 7, 6, 4, 4, 2, 3, 1, 4, 1, 1, 4, 2, 2, 0, 0, 2, 1, 1, 1, 0, 0, 0, 0, 16], "bins": [-18.653697967529297, -18.362234115600586, -18.070770263671875, -17.779306411743164, -17.487844467163086, -17.196380615234375, -16.904916763305664, -16.613452911376953, -16.321989059448242, -16.03052520751953, -15.739062309265137, -15.447598457336426, -15.156134605407715, -14.86467170715332, -14.57320785522461, -14.281744003295898, -13.990280151367188, -13.698817253112793, -13.407353401184082, -13.115889549255371, -12.824426651000977, -12.532962799072266, -12.241498947143555, -11.950035095214844, -11.65857219696045, -11.367108345031738, -11.075644493103027, -10.784180641174316, -10.492717742919922, -10.201253890991211, -9.9097900390625, -9.618327140808105, -9.326863288879395, -9.035399436950684, -8.743935585021973, -8.452472686767578, -8.161008834838867, -7.869544982910156, -7.5780816078186035, -7.286617755889893, -6.99515438079834, -6.703691005706787, -6.412227153778076, -6.120763778686523, -5.8292999267578125, -5.53783655166626, -5.246372699737549, -4.954909324645996, -4.663445472717285, -4.371982097625732, -4.08051872253418, -3.7890548706054688, -3.497591257095337, -3.206127643585205, -2.9146640300750732, -2.6232006549835205, -2.3317370414733887, -2.040273427963257, -1.748809814453125, -1.4573462009429932, -1.1658825874328613, -0.8744190335273743, -0.5829554200172424, -0.291491836309433, -2.825220326485578e-05]}, "_timestamp": 1704731237.1964126, "_runtime": 88.54363346099854, "_step": 3987, "train_loss": 0.08548279106616974, "train_acc": 0.96875, "epoch": 4, "trainer/global_step": 3899, "_wandb": {"runtime": 87}}