{"logits": {"_type": "histogram", "values": [1, 1, 0, 1, 0, 0, 0, 0, 2, 2, 0, 0, 0, 4, 2, 9, 5, 8, 8, 6, 6, 8, 7, 16, 11, 17, 13, 19, 17, 22, 16, 12, 15, 19, 13, 11, 12, 9, 9, 6, 6, 7, 5, 4, 1, 4, 1, 7, 2, 8, 3, 0, 1, 1, 0, 0, 0, 0, 0, 1, 1, 0, 0, 1], "bins": [-3.4835972785949707, -3.446816921234131, -3.410036563873291, -3.373256206512451, -3.3364760875701904, -3.2996957302093506, -3.2629153728485107, -3.226135015487671, -3.189354658126831, -3.152574300765991, -3.1157941818237305, -3.0790138244628906, -3.042233467102051, -3.005453109741211, -2.968672752380371, -2.9318923950195312, -2.8951122760772705, -2.8583319187164307, -2.821551561355591, -2.784771203994751, -2.747990846633911, -2.7112104892730713, -2.6744303703308105, -2.6376500129699707, -2.600869655609131, -2.564089298248291, -2.527308940887451, -2.4905285835266113, -2.4537484645843506, -2.4169681072235107, -2.380187749862671, -2.343407392501831, -2.306627035140991, -2.2698466777801514, -2.2330665588378906, -2.196286201477051, -2.159505844116211, -2.122725486755371, -2.0859451293945312, -2.0491647720336914, -2.0123846530914307, -1.9756041765213013, -1.938823938369751, -1.9020435810089111, -1.8652632236480713, -1.828482985496521, -1.7917026281356812, -1.7549222707748413, -1.718142032623291, -1.6813616752624512, -1.6445813179016113, -1.607801079750061, -1.5710207223892212, -1.5342403650283813, -1.497460126876831, -1.4606797695159912, -1.4238994121551514, -1.387119174003601, -1.3503388166427612, -1.3135584592819214, -1.276778221130371, -1.2399978637695312, -1.2032175064086914, -1.1664372682571411, -1.1296569108963013]}, "_timestamp": 1704709275.8589394, "_runtime": 8.065133333206177, "_step": 1, "_wandb": {"runtime": 7}}