{"logits": {"_type": "histogram", "values": [1, 0, 0, 1, 0, 0, 0, 0, 0, 1, 2, 1, 0, 1, 0, 1, 1, 0, 2, 3, 6, 5, 4, 8, 4, 12, 7, 11, 10, 12, 7, 12, 15, 12, 20, 14, 12, 10, 11, 11, 17, 11, 13, 15, 10, 10, 8, 2, 6, 7, 8, 6, 5, 0, 5, 6, 1, 4, 3, 2, 0, 0, 3, 1], "bins": [-3.7044241428375244, -3.6685092449188232, -3.632594585418701, -3.5966796875, -3.560764789581299, -3.5248498916625977, -3.4889349937438965, -3.4530203342437744, -3.4171054363250732, -3.381190538406372, -3.34527587890625, -3.309360980987549, -3.2734460830688477, -3.2375311851501465, -3.2016162872314453, -3.1657016277313232, -3.129786729812622, -3.093871831893921, -3.057957172393799, -3.0220422744750977, -2.9861273765563965, -2.9502124786376953, -2.914297580718994, -2.878382921218872, -2.842468023300171, -2.8065531253814697, -2.7706384658813477, -2.7347235679626465, -2.6988086700439453, -2.662893772125244, -2.626978874206543, -2.591064214706421, -2.5551493167877197, -2.5192344188690186, -2.4833197593688965, -2.4474048614501953, -2.411489963531494, -2.375575065612793, -2.339660167694092, -2.3037455081939697, -2.2678306102752686, -2.2319157123565674, -2.1960010528564453, -2.160086154937744, -2.124171257019043, -2.088256359100342, -2.0523414611816406, -2.0164268016815186, -1.9805119037628174, -1.9445970058441162, -1.9086822271347046, -1.872767448425293, -1.8368525505065918, -1.8009376525878906, -1.765022873878479, -1.7291080951690674, -1.6931931972503662, -1.657278299331665, -1.6213635206222534, -1.5854487419128418, -1.5495338439941406, -1.5136189460754395, -1.4777041673660278, -1.4417893886566162, -1.405874490737915]}, "_timestamp": 1704710778.0703406, "_runtime": 9.7249755859375, "_step": 1, "_wandb": {"runtime": 8}}