{"logits": {"_type": "histogram", "values": [1, 0, 0, 0, 0, 0, 0, 0, 0, 0, 1, 0, 0, 0, 0, 1, 1, 2, 1, 0, 1, 2, 1, 1, 2, 1, 2, 0, 4, 2, 2, 5, 3, 3, 4, 4, 10, 4, 5, 4, 4, 8, 4, 8, 7, 5, 9, 3, 4, 3, 2, 5, 1, 4, 3, 4, 0, 1, 0, 1, 2, 1, 3, 11], "bins": [-16.610301971435547, -16.350805282592773, -16.091306686401367, -15.831809997558594, -15.572312355041504, -15.312814712524414, -15.053317070007324, -14.793819427490234, -14.534322738647461, -14.274825096130371, -14.015327453613281, -13.755829811096191, -13.496332168579102, -13.236835479736328, -12.977337837219238, -12.717840194702148, -12.458342552185059, -12.198844909667969, -11.939348220825195, -11.679850578308105, -11.420352935791016, -11.160855293273926, -10.901357650756836, -10.641860961914062, -10.382363319396973, -10.122865676879883, -9.863368034362793, -9.603870391845703, -9.34437370300293, -9.08487606048584, -8.82537841796875, -8.56588077545166, -8.30638313293457, -8.046886444091797, -7.787388801574707, -7.527891159057617, -7.268393516540527, -7.008896350860596, -6.749398708343506, -6.489901542663574, -6.230403900146484, -5.9709062576293945, -5.711409091949463, -5.451911449432373, -5.192414283752441, -4.932916641235352, -4.673418998718262, -4.41392183303833, -4.15442419052124, -3.8949267864227295, -3.6354293823242188, -3.375931978225708, -3.1164345741271973, -2.8569369316101074, -2.5974395275115967, -2.337942123413086, -2.078444719314575, -1.818947196006775, -1.5594497919082642, -1.2999522686004639, -1.0404548645019531, -0.7809574007987976, -0.5214599967002869, -0.26196253299713135, -0.0024650683626532555]}, "_timestamp": 1704707260.23492, "_runtime": 12.018216133117676, "_step": 796, "train_loss": 0.3651393949985504, "train_acc": 0.828125, "epoch": 0, "trainer/global_step": 749, "_wandb": {"runtime": 11}}