{"logits": {"_type": "histogram", "values": [1, 0, 0, 0, 0, 1, 0, 0, 0, 1, 1, 2, 2, 4, 7, 1, 0, 3, 2, 5, 2, 3, 4, 5, 4, 3, 1, 4, 1, 5, 5, 1, 2, 3, 4, 3, 4, 8, 4, 5, 3, 5, 2, 2, 2, 2, 1, 5, 4, 2, 5, 1, 1, 1, 1, 0, 2, 1, 0, 1, 1, 3, 1, 13], "bins": [-19.226985931396484, -18.926565170288086, -18.626144409179688, -18.325721740722656, -18.025300979614258, -17.72488021850586, -17.42445945739746, -17.124038696289062, -16.823617935180664, -16.523195266723633, -16.222774505615234, -15.922353744506836, -15.621932983398438, -15.321511268615723, -15.021090507507324, -14.720669746398926, -14.420248031616211, -14.119827270507812, -13.819405555725098, -13.5189847946167, -13.2185640335083, -12.918142318725586, -12.617721557617188, -12.317300796508789, -12.016879081726074, -11.716458320617676, -11.416037559509277, -11.115615844726562, -10.815195083618164, -10.514774322509766, -10.21435260772705, -9.913931846618652, -9.613510131835938, -9.313089370727539, -9.01266860961914, -8.712246894836426, -8.411826133728027, -8.111405372619629, -7.810984134674072, -7.510562896728516, -7.210141658782959, -6.909720420837402, -6.609299659729004, -6.308878421783447, -6.008457183837891, -5.708035945892334, -5.4076151847839355, -5.107193946838379, -4.806772708892822, -4.506351947784424, -4.205930709838867, -3.9055094718933105, -3.605088472366333, -3.3046672344207764, -3.004246234893799, -2.7038252353668213, -2.4034039974212646, -2.102982997894287, -1.8025617599487305, -1.5021406412124634, -1.2017196416854858, -0.901298463344574, -0.6008774042129517, -0.30045628547668457, -3.516612196108326e-05]}, "_timestamp": 1704709181.7517056, "_runtime": 71.3797926902771, "_step": 3987, "train_loss": 0.3383829593658447, "train_acc": 0.890625, "epoch": 4, "trainer/global_step": 3899, "_wandb": {"runtime": 70}}