{"logits": {"_type": "histogram", "values": [2, 2, 0, 0, 2, 0, 2, 1, 2, 1, 1, 0, 1, 1, 2, 1, 4, 1, 0, 3, 3, 3, 4, 3, 1, 0, 1, 5, 4, 4, 3, 7, 3, 7, 1, 4, 2, 3, 1, 3, 3, 5, 4, 4, 4, 2, 4, 4, 2, 3, 2, 3, 1, 1, 0, 2, 2, 3, 1, 4, 3, 2, 4, 9], "bins": [-18.821346282958984, -18.527265548706055, -18.233184814453125, -17.939102172851562, -17.645021438598633, -17.350940704345703, -17.056859970092773, -16.76277732849121, -16.46869659423828, -16.17461585998535, -15.880534172058105, -15.586453437805176, -15.292372703552246, -14.998291015625, -14.70421028137207, -14.410128593444824, -14.116047859191895, -13.821966171264648, -13.527885437011719, -13.233803749084473, -12.939723014831543, -12.645641326904297, -12.351560592651367, -12.057479858398438, -11.763398170471191, -11.469317436218262, -11.175235748291016, -10.881155014038086, -10.58707332611084, -10.29299259185791, -9.998910903930664, -9.704830169677734, -9.410748481750488, -9.116667747497559, -8.822587013244629, -8.528505325317383, -8.234424591064453, -7.940342903137207, -7.646262168884277, -7.3521809577941895, -7.058099746704102, -6.764018535614014, -6.469937324523926, -6.175856113433838, -5.88177490234375, -5.587693691253662, -5.293612480163574, -4.999531269073486, -4.705450057983398, -4.411369323730469, -4.117288112640381, -3.823206901550293, -3.529125690460205, -3.235044479370117, -2.9409632682800293, -2.6468820571899414, -2.3528008460998535, -2.0587198734283447, -1.7646386623382568, -1.470557451248169, -1.176476240158081, -0.8823951482772827, -0.5883139371871948, -0.2942327857017517, -0.00015162272029556334]}, "_timestamp": 1704732283.9182756, "_runtime": 101.98600268363953, "_step": 3987, "train_loss": 0.20819270610809326, "train_acc": 0.921875, "epoch": 4, "trainer/global_step": 3899, "_wandb": {"runtime": 102}}