{"logits": {"_type": "histogram", "values": [1, 0, 0, 0, 2, 1, 1, 0, 1, 1, 3, 2, 1, 4, 3, 6, 4, 10, 4, 5, 9, 7, 8, 13, 8, 11, 10, 14, 8, 13, 6, 14, 15, 14, 12, 7, 14, 18, 15, 17, 10, 10, 10, 4, 5, 9, 5, 4, 5, 2, 2, 1, 1, 1, 1, 2, 1, 2, 0, 0, 1, 0, 0, 2], "bins": [-3.6022019386291504, -3.564300775527954, -3.526399850845337, -3.4884986877441406, -3.4505975246429443, -3.412696361541748, -3.374795436859131, -3.3368942737579346, -3.2989931106567383, -3.261092185974121, -3.223191022872925, -3.1852898597717285, -3.1473889350891113, -3.109487771987915, -3.0715866088867188, -3.0336854457855225, -2.9957845211029053, -2.957883358001709, -2.9199821949005127, -2.8820812702178955, -2.844180107116699, -2.806278944015503, -2.7683780193328857, -2.7304768562316895, -2.692575693130493, -2.654674530029297, -2.6167736053466797, -2.5788724422454834, -2.540971279144287, -2.50307035446167, -2.4651691913604736, -2.4272680282592773, -2.38936710357666, -2.351465940475464, -2.3135647773742676, -2.2756636142730713, -2.237762689590454, -2.199861526489258, -2.1619603633880615, -2.1240594387054443, -2.086158275604248, -2.0482571125030518, -2.0103559494018555, -1.9724550247192383, -1.934553861618042, -1.8966528177261353, -1.858751654624939, -1.8208506107330322, -1.782949447631836, -1.7450484037399292, -1.7071473598480225, -1.6692461967468262, -1.6313451528549194, -1.5934439897537231, -1.5555429458618164, -1.5176419019699097, -1.4797407388687134, -1.4418396949768066, -1.4039385318756104, -1.3660374879837036, -1.3281364440917969, -1.2902352809906006, -1.2523342370986938, -1.2144330739974976, -1.1765320301055908]}, "_timestamp": 1704710091.0605292, "_runtime": 8.267411231994629, "_step": 1, "_wandb": {"runtime": 7}}